Country (or dependent territory),Population,Number of Refugees,% of Global Refugees,Countries of Origin,
Afghanistan,26023100,16863,0.200%,"Iraq, Iran, Pakistan, State of Palensine",
Albania,2895947,93,0.001%,"China, Dem. Rep. of the Congo, Egypt, Iraq, Montenegro, Peru, Serbia, Stae of Palensine, Turkey, Uzbekistan",
Algeria,38700000,94150,1.114%,"Afghanistan, Angola, Burundi, Cameroon, Central African Rep. Chad, Congo, Cote d'Ivoire, Dem. Rep, of the Congo, Eritrea, Guinea, Iraq, Liberia, Mauritania, Nigeria, Somalia, State of Palenstine, Togo, Western Sahara, Yemen",
Angola,24383301,23783,0.281%,"Algeria, Burundi, Central African Rep. Chad, Congo, Cote d'Ivoire, Cuba, Dem. Rep. of the Congo, Eritrea, Guinea, Guina-Bissau, Haiti, Iraq, Liberia, Mauritania, Rwanda, Sierra Leone, Somalia, South Africa, Sudan, Uganda, United Rep. of Tanzania, Western Sahara, Zambia",
Argentina,42669500,3362,0.040%,"Afghanistan, Albania, Algeria, Angola, Armenia, Bangladesh, Belarus, Benin, Bolivia, Bosnia and Herzegovina, Brazil, Bulgaria, Burundi, Cameroon, Central African Rep., Chad, Chile, China, Colombia, Congo, Costa Rica, Cote d'Ivoire, Croatia, Cuba, Dem. Rep. of the Congo, Dominican Rep., Ecuador, Egypt, El Salvador, Eritrea, Ethiopia, Gambia, Georgia, Ghana, Guatemala, Guinea, Guinea-Bissau, Haiti, Honduras, India, Iraq, Iran, Italy, Kazakhstan, Kenya, Kyrgyzstan, Liberia, Mali, Mauritania, Mexico, Morocco, Nicaragua, Nigeria, Pakistan, Paraguay, Peru, Romania, Russian Federation, Rwanda, Senegal, Serbia, Sierra Leone, Somalia, South Africa, Sri Lanka, Stateless, Sudan, Syrian Arab Rep., Togo, Tunisia, Turkey, Turkmenistan, Ukraine, United States, Various, Venezuela, Yemen, Zimbabwe",
Armenia,3009800,13732,0.162%,"Azerbaijan, Cote d'Ivoire, Ethiopia, Georgia, Iraq, Iran, Kazakhstan, Lebanon, Russian Federation, State of Palestine, Syrian Arab Rep., Turkey",
Aruba,101484,1,0.000%,Colombia,
Australia,23640800,34503,0.408%,"Afghanistan, Albania, Algeria, Angola, Argentina, Armenia, Azerbaijan, Bahrain, Bangladesh, Belarus, Benin, Bhutan, Bosnia and Herzegovina, Botswana, Brazil, Bulgaria, Burundi, Cambodia, Cameroon, Chad, Chile, China, Colombia, Congo, Cote d'Ivoire, Croatia, Cuba, Czech Rep., Dem. People's Rep. of Korea, Dem. Rep. of the Congo, Denmark, Djibouti, Ecuador, Egypt, El Salvador, Eritrea, Ethiopia, Fiji, France, Gambia, Georgia, Germany, Ghana, Greece, Guinea, India, Indonesia, Iraq, Iran, Israel, Italy, Japan, Jordan, Kazakhstan, Kenya, Kuwait, Kyrgyzstan, Lao People's Dem. Rep., Latvia, Lebanon, Liberia, Libya, Malawi, Malaysia, Maldives, Mali, Malta, Mauritania, Mauritius, Mexico, Mongolia, Morocco, Mozambique, Myanmar, Nepal, Netherlands, New Zealand, Niger, Nigeria, Pakistan, Papua New Guinea, Peru, Philippines, Poland, Rep. of Korea, Romania, Russian Federation, Rwanda, Samoa, Saudi Arabia, Senegal, Serbia, Sierra Leone, Solomon Islands, Somalia, South Africa, Sri Lanka, State of Palestine, Stateless, Sudan, Sweden, Syrian Arab Rep., Tajikistan, Thailand, Tibetans, Timor-Leste, Togo, Tonga, Tunisia, Turkey, Turkmenistan, Uganda, Ukraine, United Arab Emirates, United Kingdom, United Rep. of Tanzania, United State, Uzbekistan, Vanuatu, Various, Venezuela, Vietnam, Yemen, Zambia, Zimbabwe",
Austria,8527230,55598,0.658%,"Afghanistan, Albania, Algeria, Angola, Armenia, Azerbaijan, Bangladesh, Belarus, Benin, Bhutan, Bolivia, Bosnia and Herzegovina, Brazil, Bulgaria, Burkina Faso, Burundi, Cambodia, Cameroon, Canada, Chad, China, Colombia, Congo, Cote d'Ivoire, Croatia, Cuba, Czech Rep., Dem. Rep. of the Congo, Egypt, Equatorial Guinea, Eritrea, Estonia, Ethiopia, France, Gambia, Georgia, Ghana, Guatemala, Guinea, Guinea-Bissau, India, Iraq, Iran, Israel, Jordan, Kazakhstan, , Kenya, Kuwait, Kyrgyzstan, Lao People's Dem. Rep., Latvia, Lebanon, Liberia, Libya, Madagascar, Mali, Mauritania, Mauritius, Mexico, Mongolia, Montenegro, Morocco, Myanmar, Nepal, Niger, Nigeria, Pakistan, Peru, Philippines, Rep. of Korea, Rep. of Moldova, Romania, Russian Federation, Rwanda, Senegal, Serbia, Sierra Leone, Slovakia, Somalia, South Africa, South Sudan, Sri Lanka, Stateless, Sudan, Syrian Arab Rep. , Tajikistan, The former Yugoslav Rep. of Macedonia, Togo, Tunisia, Turkey, Turkmenistan, Uganda, Ukraine, United Rep. of Tanzania, United States, Uzbekistan, Various, Vietnam, Yemen, Zimbabwe",
Azerbaijan,9540400,777,0.009%,"Armenia, Cambodia, Dem. Rep. of the Congo, Iraq, Iran, Kazakhstan, Pakistan, Russian Federation, State of Palestine, Syrian Arab Rep., United Arab Emirates",
Bahamas,368390,15,0.000%,"Cuba, Iran, Nigeria",
Bahrain,1316500,294,0.003%,Iraq,
Bangladesh,157193000,231145,2.735%,"Cote d'Ivoire, Iraq, Iran, Myanmar, Somalia, Sri Lanka, State of Palestine, Sudan",
Barbados,285000,1,0.000%,Syrian Arab Rep.,
Belarus,9469200,604,0.007%,"Afghanistan, Armenia, Azerbaijan, Egypt, Ethiopia, Georgia, Iraq, Iran ,Liberia, Libya, Pakistan, Rwanda, Sri Lanka, State of Palestine, Syrian Arab Rep., Tajikistan",
Belgium,11215442,25633,0.303%,"Afghanistan, Albania, Algeria, Angola, Argentina, Armenia, Austria, Azerbaijan, Bangladesh, Belarus, Benin, Bhutan, Bolivia, Bosnia and Herzegovina, Bulgaria, Burkina Faso, Burundi, Cambodia, Cameroon, Canada, Central African Rep., Chad, Chile, China, Colombia, Congo, Cote d'Ivoire, Croatia, Cuba, Czech Rep., Dem. People's Rep. of Korea, Dem. Rep. of the Congo, Denmark, Djibouti, Dominican Rep., Egypt, El Salvador, Equatorial Guinea, Eritrea, Estonia, Ethiopia, Finland, France, Gabon, Gambia, Georgia, Germany, Ghana, Guatemala, Guinea, Guinea-Bissau, Haiti, Honduras, Hungary, India, Iraq, Iran, Israel, Italy, Jordan, Kazakhstan, Kenya, Kuwait, Kyrgyzstan, Lao People's Dem. Rep. , Latvia, Lebanon, Liberia, Libya, Lithuania, Madagascar, Malaysia, Mali, Mauritania, Mauritius, Mexico, Mongolia, Montenegro, Morocco, Myanmar, Namibia, Nepal, Netherlands, Niger, Nigeria, Pakistan, Peru, Poland, Rep. of Moldova, Romania, Russian Federation, Rwanda, Senegal, Serbia, Sierra Leone, Slovakia, Somalia, South Africa, Spain, Sri Lanka, State of Palestine, Stateless, Sudan, Sweden, Switzerland, Syrian Arab Rep., Tajikistan, Thailand, The former Yugoslav Rep. of Macedonia, Tibetans, Togo, Tunisia, Turkey, Turkmenistan, Uganda, Ukraine, United Arab Emirates, United Rep. of Tanzania, United States, Uruguay, Uzbekistan, Various, Vietnam, Yemen, Zimbabwe",
Belize,349728,21,0.000%,"Cuba, El Salvador",
Benin,9988068,194,0.002%,"Angola, Burkina Faso, Burundi, Cameroon, Central African Rep., Chad, Congo, Cote d'Ivoire, Dem. Rep. of the Congo, Equatorial Guinea, Eritrea, Ghana, Iraq, Iran, Mali, Nigeria, Pakistan, Rwanda, Sierra Leone, Sri Lanka, Sudan, Syrian Arab Rep., Togo",
"Bolivia, Plurinational State of",10027254,748,0.009%,"Angola, Cameroon, China, Colombia, Congo, Cote d'Ivoire, Cuba, Ecuador, Ethiopia, Ghana, Honduras, Iraq, Israel, Peru, Portugal, Russian Federation, Serbia, Sri Lanka, Syrian Arab Rep. , Ukraine, Venezuela",
Bosnia and Herzegovina,3791622,6926,0.082%,"Algeria, Cameroon, Croatia, Eritrea, Iraq, Montenegro, Myanmar, Rep. of Moldova, Saudi Arabia, Serbia, Sri Lanka, State of Palestine, Syrian Arab Rep., The former Yugoslav Rep. of Macedonia",
Botswana,2024904,2773,0.033%,"Algeria, Angola, Burundi, Cambodia, Dem. Rep. of the Congo, Ethiopia, Kenya, Namibia, Rwanda, Somalia, South Sudan, Sudan, Uganda, Zimbabwe",
Brazil,203337000,5196,0.061%,"Afghanistan, Algeria, Angola, Argentina, Armenia, Bangladesh, Bhutan, Bolivia, Bosnia and, Herzegovina, Burkina Faso, Burundi, Cabo Verde, Cameroon, Central African Rep., Chad, Chile, Colombia, Congo, Costa Rica, Cote d'Ivoire, Croatia, Cuba, Dem. Rep. of the Congo, Dominican Rep. , Ecuador, Egypt, El Salvador, Eritrea, Ethiopia, Gambia, Georgia, Ghana, Guinea, Guinea-Bissau, Haiti, Hungary, India, Iraq, Iran, Jordan, Kuwait, Lebanon, Liberia, Libya, Mali, Mauritania, Morocco, Mozambique, Nepal, Nicaragua, Nigeria, Pakistan, Paraguay, Peru, Poland, Romania, Russian Federation, Rwanda, Senegal, Serbia, Sierra Leone, Slovenia, Somalia, South Africa, Sri Lanka, State of Palestine, Stateless, Sudan, Syrian Arab Rep., The former Yugoslav Rep. of Macedonia, Uganda, Ukraine, United Rep. of Tanzania, United States, Uruguay, Venezuela, Vietnam, Zimbabwe",
Bulgaria,7245677,4320,0.051%,"Afghanistan, Albania, Algeria, Angola, Armenia, Azerbaijan, Bangladesh, Belarus, Benin, Burundi, Cameroon, Congo, Cote d'Ivoire, Cuba, Dem. Rep. of the Congo, Egypt, Eritrea, Ethiopia, Georgia, Guinea, India, Iraq, Iran, Jordan, Lebanon, Liberia, Libya, Mali, Nepal, Nigeria, Pakistan, Russian Federation, Rwanda, Somalia, Sri Lanka, Stateless, Sudan, Syrian Arab Rep., Tunisia, Turkey, Uganda, United Arab Emirates, United Rep. of Tanzania, Zimbabwe",
Burkina Faso,17322796,29234,0.346%,"Burundi, Cameroon, Central African Rep., Chad, Congo, Cote d'Ivoire, Dem. Rep. of the Congo, Eritrea, Ghana, Guinea, Mali, Mauritania, Rwanda, Sudan, Togo, Vietnam",
Burundi,9530434,45490,0.538%,"Benin, Dem. Rep. of the Congo, Ethiopia, Mali, Mauritania, Mozambique, Rwanda, Somalia, Sudan, Zambia",
Cambodia,15184116,68,0.001%,"Dem. Rep. of the Congo, Myanmar, Pakistan, Somalia, Sri Lanka, Sudan, Vietnam",
Cameroon,20386799,114753,1.358%,"Algeria, Angola, Burkina Faso, Burundi, Cambodia, Central African Rep., Chad, Congo, Cote d'Ivoire, Dem. Rep. of the Congo, Equatorial Guinea, Eritrea, Gabon, Ghana, Guinea, Islamic, Rep. of Iran, Liberia, Mali, Mauritania, Morocco, Nigeria, Rwanda, Senegal, Somalia, South Sudan, Sudan, Swaziland, Syrian Arab Rep., Togo, Uganda",
Canada,35540419,160349,1.897%,"Afghanistan, Albania, Algeria, Angola, Antigua and Barbuda, Argentina, Armenia, Australia, Azerbaijan, Bahamas, Bahrain, Bangladesh, Barbados, Belarus, Belgium, Belize, Benin, Bhutan, Bolivia, Bosnia and Herzegovina, Botswana, Brazil, Bulgaria, Burkina Faso, Burundi, Cambodia, Cameroon, Central African Rep., Chad, Chile, China, Colombia, Comoros, Congo, Costa Rica, Cote d'Ivoire, Croatia, Cuba, Cyprus, Czech Rep., Dem. People's Rep. of Korea, Dem. Rep. of the Congo, Denmark, Djibouti, Dominica, Dominican Rep., Ecuador, Egypt, El Salvador, Equatorial Guinea, Eritrea, Estonia, Ethiopia, Fiji, Finland, France, Gabon, Gambia, Georgia, Germany, Ghana, Greece, Grenada, Guatemala, Guinea, Guinea-Bissau, Guyana, Haiti, Honduras, Hong Kong, Hungary, India, Indonesia, Iraq, Ireland, Iran, Israel, Italy, Jamaica, Japan, Jordan, Kazakhstan, Kenya, Kiribati, Kuwait, Kyrgyzstan, Lao People's Dem. Rep., Latvia, Lebanon, Lesotho, Liberia, Libya, Lithuania, Madagascar, Malawi, Malaysia, Maldives, Mali, Malta, Mauritania, Mauritius, Mexico, Mongolia, Montenegro, Morocco, Mozambique, Myanmar, Namibia, Nepal, Netherlands, New Zealand, Nicaragua, Niger, Nigeria, Norway, Oman, Pakistan, Panama, Papua New Guinea, Paraguay, Peru, Philippines, Poland, Portugal, Qatar, Rep. of Korea, Rep. of Moldova, Romania, Russian Federation, Rwanda, Saint Kitts and Nevis, Saint Lucia, Saint Vincent and the Grenadines, San Marino, Saudi Arabia, Senegal, Serbia, Seychelles, Sierra Leone, Singapore, Slovakia, Slovenia, Solomon Islands, Somalia, South Africa, Spain, Sri Lanka, State of Palestine, Stateless, Sudan, Suriname, Swaziland, Sweden, Switzerland, Syrian Arab Rep. , Tajikistan, Thailand, The former Yugoslav Rep. of Macedonia, Tibetans, Togo, Trinidad and Tobago, Tunisia, Turkey, Turkmenistan, Uganda, Ukraine, United Arab Emirates, United Kingdom, United Rep. of Tanzania, United States, Uzbekistan, Various, Venezuela, Vietnam, Yemen, Zambia, Zimbabwe",
Cayman Islands,55456,6,0.000%,"Afghanistan, Cuba, Mexico",
Central African Republic,4709000,14322,0.169%,"Angola, Burundi, Cameroon, Chad, Congo, Cote d'Ivoire, Dem. Rep. of the Congo, Guinea, Liberia, Niger, Rwanda, Sierra Leone, Sudan, Uganda, United Rep. of Tanzania",
Chad,13211000,434479,5.140%,"Afghanistan, Cameroon, Central African Rep., Congo, Cote d'Ivoire, Dem. Rep. of the Congo, Egypt, Eritrea, Ethiopia, Guinea, Iran, Liberia, Libya, Mali, Niger, Nigeria, Rwanda, Somalia, Sudan, Syrian Arab Rep., Togo, Yemen",
Chile,17819054,1743,0.021%,"Afghanistan, Argentina, Cameroon, Colombia, Costa Rica, Cuba, Dem. Rep. of the Congo, Ecuador, El Salvador, Haiti, Iraq, Kenya, Nigeria, Peru, Russian Federation, Somalia, Sri Lanka, State of Palestine, Syrian Arab Rep., Various",
China,1367470000,301047,3.562%,"Afghanistan, Iraq, Iran, Pakistan, Rwanda, Somalia, State of Palestine, Vietnam, Zimbabwe",
Colombia,47832200,224,0.003%,"Afghanistan, Angola, Benin, Bolivia, China, Congo, Cuba, Dem. Rep. of the Congo, Dominican Rep., Ecuador, El Salvador, Eritrea, Ethiopia, Ghana, Haiti, Hungary, Iraq, Iran, Liberia, Mauritania, Nepal, Nicaragua, Pakistan, Peru, Romania, Russian Federation, Serbia, Sierra Leone, Somalia, Sri Lanka, State of Palestine, Stateless, Sudan, Syrian Arab Rep., Turkey, Venezuela",
Congo,4559000,51037,0.604%,"Angola, Burundi, Cameroon, Central African Rep., Chad, Cote d'Ivoire, Dem. Rep. of the Congo, Iran, Liberia, Mali, Mauritania, Nigeria, Rwanda, Sierra Leone, Sri Lanka, Sudan, Togo, Uganda",
Costa Rica,4667096,20569,0.243%,"Afghanistan, Angola, Argentina, Armenia, Belarus, Bolivia, Bulgaria, China, Colombia, Cote d'Ivoire, Cuba, Cyprus, Dem. Rep. of the Congo, Dominican Rep., El Salvador, Eritrea, Ethiopia, Georgia, Germany, Ghana, Guatemala, Haiti, Honduras, India, Iraq, Iran, Israel, Liberia, Mexico, Nicaragua, Nigeria, Panama, Peru, Rep. of Moldova, Romania, Russian Federation, Sierra Leone, Somalia, South Africa, Sudan, Syrian Arab Rep., Uganda, Ukraine, United States, Uzbekistan, Various, Venezuela",
Cote d'Ivoire,23202000,2980,0.035%,"Afghanistan, Angola, Benin, Burkina Faso, Burundi, Cambodia, Cameroon, Central African Rep., Chad, Congo, Dem. Rep. of the Congo, Eritrea, Ethiopia, Ghana, Guinea, Iran, Lebanon, Liberia, Mauritania, Niger, Nigeria, Pakistan, Rwanda, Sri Lanka, Sudan, Syrian Arab Rep., Togo, Uganda, Vietnam",
Croatia,4267558,684,0.008%,"Afghanistan, Armenia, Bosnia and Herzegovina, Congo, Eritrea, Georgia, Iraq, Kazakhstan, Nigeria, Rep. of Moldova, Russian Federation, Serbia, Somalia, Sudan, Syrian Arab Rep., Turkey, Ukraine, Uzbekistan, Various, Zimbabwe",
Cuba,11210064,384,0.005%,"Colombia, Eritrea, Ethiopia, Haiti, Iran, Kazakhstan, Somalia, State of Palestine, Syrian Arab Rep., Western Sahara, Yemen",
Cura‡ao,150563,15,0.000%,"Colombia, Cuba, Jamaica Syrian Arab Rep.",
Cyprus,858000,3883,0.046%,"Afghanistan, Algeria, Armenia, Bangladesh, Bosnia and Herzegovina, Burkina Faso, Cameroon, China, Comoros, Croatia, Cuba, Dem. Rep. of the Congo, Egypt, Eritrea, Ethiopia, Georgia, Ghana, Guinea, India, Indonesia, Iraq, Iran, Jordan, Kyrgyzstan, Lebanon, Liberia, Libya, Mali, Morocco, Nepal, Nigeria, Pakistan, Philippines, Rep. of Moldova, Russian Federation, Serbia, Sierra Leone, Somalia, Sri Lanka, State of Palestine, Stateless, Sudan, Syrian Arab Rep. , Tajikistan, The former Yugoslav Rep. of Macedonia, Turkey, Ukraine, Uzbekistan, Vietnam, Yemen",
Czech Republic,10521600,2979,0.035%,"Afghanistan, Albania, Algeria, Angola, Armenia, Azerbaijan, Bangladesh, Belarus, Bosnia and Herzegovina, Bulgaria, Burkina Faso, Burundi, Cambodia, Cameroon, Chad, China, Congo, Cote d'Ivoire, Croatia, Cuba, Dem. Rep. of the Congo, Djibouti, Ecuador, Egypt, Eritrea, Ethiopia, Gambia, Georgia, Ghana, Guinea, India, Iraq, Iran, Israel, Jordan, Kazakhstan",
Democratic Republic of Congo,69360000,113362,1.341%,"Angola, Burundi, Cameroon, Central African Rep., Chad, Congo, Cote d'Ivoire, Eritrea, Ethiopia, Guinea, Liberia, Rwanda, Sierra Leone, Somalia, Sudan, Uganda",
Denmark,5639719,13170,0.156%,"Afghanistan, Albania, Algeria, Angola, Armenia, Azerbaijan, Bangladesh, Belarus, Benin, Bhutan, Bosnia and Herzegovina, Burkina Faso, Burundi, Cambodia, Cameroon, Chad, China, Colombia, Congo, Cote d'Ivoire, Dem. People's Rep. of Korea, Dem. Rep. of the Congo, Djibouti, Egypt, Eritrea, Ethiopia, Georgia, Ghana, Guatemala, Guinea, Guinea-Bissau, India, Indonesia, Iraq, Iran, Jordan, Kazakhstan, Kenya, Kuwait, Kyrgyzstan, Lebanon, Libya, Mali, Mongolia, Morocco, Myanmar, Nepal, Nigeria, Pakistan, Peru, Philippines, Rep. of Korea, Romania, Russian Federation, Rwanda, Saudi Arabia, Serbia, Sierra Leone, Somalia, Sri Lanka, State of Palestine, Stateless, Sudan, Syrian Arab Rep., Tajikistan, The former Yugoslav Rep. of, Macedonia, Tunisia, Turkey, Uganda, Ukraine, United Rep. of Tanzania, Uzbekistan, Various, Vietnam, Yemen, Zambia, Zimbabwe",
Djibouti,886000,20015,0.237%,"Bangladesh, Eritrea, Ethiopia, Iraq, Kenya, Philippines, Somalia, Sudan, Yemen",
Dominican Rep.,10378267,721,0.009%,"Colombia, Haiti, Iraq, Syrian Arab Rep.",
Ecuador,15852800,123209,1.458%,"Afghanistan, Albania, Angola, Argentina, Armenia, Azerbaijan, Bangladesh, Belarus, Bosnia and Herzegovina, Brazil, Burundi, Cameroon, Chile, China, Colombia, Congo, Cote d'Ivoire, Cuba, Dominican Rep. , Egypt, El Salvador, Eritrea, Ethiopia, Germany, Ghana, Guinea, Guinea-Bissau, Haiti, India, Iraq, Iran, Jamaica, Kuwait, Kyrgyzstan, Lebanon, Liberia, Lithuania, Mali, Morocco, Nepal, Nicaragua, Niger, Nigeria, Pakistan, Panama, Paraguay, Peru, Poland, Russian Federation, Saudi Arabia, Serbia, Sierra Leone, Somalia, Spain, Sri Lanka, State of Palestine, Stateless, Sudan, Swaziland, Syrian Arab Rep. , Togo, Turkey, Turkmenistan, Uganda, Ukraine, United States, Uruguay, Uzbekistan, Various, Venezuela, Vietnam, Western Sahara, Zimbabwe",
Egypt,87371100,230086,2.722%,"Afghanistan, Algeria, Angola, Azerbaijan, Burundi, Cameroon, Central African Rep. , Chad, China, Congo, Cote d'Ivoire, Dem. Rep. of the Congo, Djibouti, Eritrea, Ethiopia, Guinea, Indonesia, Iraq, Iran, Jordan, Kenya, Liberia, Libya, Mali, Morocco, Myanmar, Nigeria, Pakistan, Philippines, Russian Federation, Rwanda, Saudi Arabia, Serbia, Somalia, South Sudan, Sri Lanka, State of Palestine, Sudan, Syrian Arab Rep., Tajikistan, Tunisia, Turkmenistan, Uganda, Uzbekistan, Yemen, Zimbabwe",
El Salvador,6401240,44,0.001%,"Algeria, China, Colombia, Honduras, Iran, Nicaragua",
Eritrea,6536000,3166,0.037%,"Ethiopia, Somalia, South Sudan, Sudan, Yemen",
Estonia,1315819,70,0.001%,"Afghanistan, Algeria, Armenia, Bangladesh, Belarus, Cote d'Ivoire, Georgia, Iraq, Pakistan, Russian Federation, Somalia, Sri Lanka, State of Palestine, Stateless, Sudan, Syrian Arab Rep. , Tajikistan, Turkey, Turkmenistan, Uganda",
Ethiopia,87952991,433936,5.134%,"Afghanistan, Burundi, Chad, Cote d'Ivoire, Dem. Rep. of the Congo, Djibouti, Egypt, Eritrea, Iraq, Kenya, Nigeria, Rwanda, Somalia, South Sudan, Sudan, Uganda, United Rep. of Tanzania, Yemen, Zimbabwe",
Fiji,859178,5,0.000%,"Afghanistan, Dem. Rep. of the Congo, Eritrea, Nigeria, Pakistan, Somalia",
Finland,5468609,11252,0.133%,"Afghanistan, Albania, Algeria, Angola, Armenia, Azerbaijan, Bangladesh, Belarus, Bolivia, Bosnia and Herzegovina, Brazil, Burundi, Cambodia, Cameroon, Chad, China, Colombia, Congo, Cote d'Ivoire, Croatia, Cuba, Dem. Rep. of the Congo, Djibouti, Ecuador, Egypt, Eritrea, Ethiopia, Gambia, Georgia, Ghana, Guatemala, Guinea, Guinea-Bissau, Honduras, India, Iraq, Iran, Israel, Jordan, Kazakhstan, Kenya, Kyrgyzstan, Latvia, Lebanon, Liberia, Libya, Malawi, Mauritania, Mongolia, Morocco, Mozambique, Myanmar, Nepal, Niger, Nigeria, Pakistan, Peru, Rep. of Moldova, Romania, Russian Federation, Rwanda, Senegal, Serbia, Sierra Leone, Slovakia, Somalia, South Sudan, Sri Lanka, Stateless, Sudan, Syrian Arab Rep. , Tajikistan, The former Yugoslav Rep. of Macedonia, Togo, Tunisia, Turkey, Turkmenistan, Uganda, Ukraine, United Rep. of Tanzania, Uzbekistan, Various, Venezuela, Vietnam, Yemen, Zimbabwe",
France,66048000,232487,2.751%,"Afghanistan, Albania, Algeria, Angola, Argentina, Armenia, Azerbaijan, Bangladesh, Belarus, Benin, Bhutan, Bolivia, Bosnia and Herzegovina, Brazil, Bulgaria, Burkina Faso, Burundi, Cambodia, Cameroon, Central African Rep. , Chad, Chile, China, Colombia, Comoros, Congo, Cote d'Ivoire, Croatia, Cuba, Czech Rep. , Dem. People's Rep. of Korea, Dem. Rep. of the Congo, Djibouti, Dominican Rep., Ecuador, Egypt, El Salvador, Equatorial Guinea, Eritrea, Estonia, Ethiopia, Gabon, Gambia, Georgia, Germany, Ghana, Guatemala, Guinea, Guinea-Bissau, Guyana, Haiti, Hungary, India, Indonesia, Iraq, Iran, Jamaica, Jordan, Kazakhstan, Kenya, Kuwait, Kyrgyzstan, Lao People's Dem. Rep. , Latvia, Lebanon, Liberia, Libya, Lithuania, Madagascar, Malaysia, Mali, Mauritania, Mauritius, Mexico, Mongolia, Montenegro, Morocco, Mozambique, Myanmar, Nepal, Niger, Nigeria, Pakistan, Panama, Paraguay, Peru, Poland, Rep. of Moldova, Romania, Russian Federation, Rwanda, Senegal, Serbia, Sierra Leone, Slovakia, Somalia, South Africa, Sri Lanka, State of Palestine, Sudan, Syrian Arab Rep. , Tajikistan, The former Yugoslav Rep. of Macedonia, Togo, Tunisia, Turkey, Turkmenistan, Uganda, Ukraine, United Rep. of Tanzania, Uruguay, Uzbekistan, Various, Venezuela, Vietnam, Western Sahara, Yemen, Zimbabwe",
Gabon,1711000,1594,0.019%,"Angola, Burundi, Cabo Verde, Cameroon, Central African Rep. , Chad, Congo, Cote d'Ivoire, Dem. Rep. of the Congo, Equatorial Guinea, Ethiopia, Ghana, Liberia, Mauritania, Niger, Rwanda, Sao Tome and Principe, Sierra Leone, Somalia, Sudan, Togo, United Rep. of Tanzania, Vietnam",
Gambia,1882450,9563,0.113%,"Cameroon, Cote d'Ivoire, Dem. Rep. of the Congo, Eritrea, Guinea-Bissau, Iraq, Liberia, Rwanda, Senegal, Sierra Leone, Somalia, Sudan, Togo",
Georgia,4490500,846,0.010%,"Afghanistan, Azerbaijan, Cote d'Ivoire, Cuba, Egypt, Iraq, Iran, Russian Federation, Sri Lanka, Syrian Arab Rep., Tajikistan, Turkey",
Germany,80767000,187567,2.219%,"Afghanistan, Albania, Algeria, Angola, Antigua and Barbuda, Argentina, Armenia, Australia, Austria, Azerbaijan, Bahamas, Bahrain, Bangladesh, Barbados, Belarus, Belgium, Belize, Benin, Bhutan, Bolivia, Bosnia and Herzegovina, Botswana, Brazil, Bulgaria, Burkina Faso, Burundi, Cabo Verde, Cambodia, Cameroon, Canada, Central African Rep., Chad, Chile, China, Colombia, Comoros, Congo, Costa Rica, Cote d'Ivoire, Croatia, Cuba, Cyprus, Czech Rep., Dem. People's Rep. of Korea, Dem. Rep. of the Congo, Djibouti, Dominica, Dominican Rep., Ecuador, Egypt, El Salvador, Equatorial Guinea, Eritrea, Estonia, Ethiopia, France, Gabon, Gambia, Georgia, Ghana, Greece, Guatemala, Guinea, Guinea-Bissau, Guyana, Haiti, Honduras, Hungary, Iceland, India, Indonesia, Iraq, Iran, Israel, Italy, Jamaica, Japan, Jordan, Kazakhstan, Kenya, Kuwait, Kyrgyzstan, Lao People's Dem. Rep., Latvia, Lebanon, Lesotho, Liberia, Libya, Lithuania, Luxembourg, Madagascar, Malawi, Malaysia, Maldives, Mali, Mauritania, Mauritius, Mexico, Monaco, Mongolia, Montenegro, Morocco, Mozambique, Myanmar, Namibia, Nepal, Netherlands, New Zealand, Nicaragua, Niger, Nigeria, Norway, Oman, Pakistan, Palau, Panama, Paraguay, Peru, Philippines, Poland, Portugal, Qatar, Rep. of Korea, Rep. of Moldova, Romania, Russian Federation, Rwanda, Saint Vincent and the Grenadines, Saudi Arabia, Senegal, Serbia, Seychelles, Sierra Leone, Singapore, Slovakia, Slovenia, Somalia, South Africa, South Sudan, Spain, Sri Lanka, State of Palestine, Stateless, Sudan, Suriname, Sweden, Switzerland, Syrian, Arab Rep. , Tajikistan, Thailand, The former Yugoslav Rep. of Macedonia, Togo, Trinidad and Tobago, Tunisia, Turkey, Turkmenistan, Uganda, Ukraine, United Arab Emirates, United Kingdom, United Rep. of Tanzania, United States, Uruguay, Uzbekistan, Various, Venezuela, Vietnam, Yemen, Zambia, Zimbabwe",
Ghana,27043093,18681,0.221%,"Burkina Faso, Burundi, Cameroon, Central African Rep., Chad, Congo, Cote d'Ivoire, Dem. Rep. of the Congo, Eritrea, Ethiopia, Iraq, Lebanon, Liberia, Mali, Nigeria, Rwanda, Sierra Leone, Somalia, Sudan, Syrian Arab Rep. , Togo, Uganda",
Greece,10992589,3485,0.041%,"Afghanistan, Albania, Algeria, Armenia, Azerbaijan, Bangladesh, Belarus, Burkina Faso, Burundi, Cameroon, Canada, Central African Rep., Chile, China, Comoros, Congo, Cote d'Ivoire, Dem. Rep. of the Congo, Egypt, El Salvador, Eritrea, Ethiopia, Gambia, Georgia, Ghana, Guinea, Guinea-Bissau, Honduras, India, Indonesia, Iraq, Iran, Israel, Jordan, Kenya, Kyrgyzstan, Lebanon, Libya, Madagascar, Mali, Mauritania, Morocco, Myanmar, Nigeria, Pakistan, Philippines, Russian Federation, Rwanda, Senegal, Serbia, Sierra Leone, Somalia, Sri Lanka, State of Palestine, Sudan, Swaziland, Syrian Arab Rep. , Togo, Tunisia, Turkey, Uganda, Ukraine, United Rep. of Tanzania, Uzbekistan, Various, Vietnam, Zimbabwe",
Guatemala,15806675,160,0.002%,"Bolivia, Cambodia, China, Colombia, Cuba, El Salvador, Honduras, Jamaica, Nicaragua",
Guinea,10628972,8560,0.101%,"Angola, Burundi, Central African Rep., Chad, Congo, Cote d'Ivoire, Dem. Rep. of the Congo, Gambia, Liberia, Mali, Nigeria, Rwanda, Sierra Leone, Somalia, State of Palestine, Togo, Uganda",
Guinea-Bissau,1746000,8535,0.101%,"Burundi, Congo, Cote d'Ivoire, Dem. Rep. of the Congo, Gambia, Guinea, Liberia, Senegal, Sierra, Leone, Togo",
Guyana,784894,11,0.000%,"Dem. Rep. of the Congo, Rwanda",
Honduras,8725111,16,0.000%,"Colombia, Cuba, Haiti, Iran, Venezuela",
Hong Kong,7234800,126,0.001%,"Afghanistan, Burundi, Colombia, Congo, Cote d'Ivoire, Dem. Rep. of the Congo, Egypt, Eritrea, Iran, Jordan, Liberia, Myanmar, Nepal, Pakistan, Philippines, Russian Federation, Rwanda, Somalia, Sri Lanka, State of Palestine, Togo, Turkmenistan, Uganda, United Kingdom, Vietnam, Yemen",
Hungary,9879000,2440,0.029%,"Afghanistan, Albania, Algeria, Angola, Armenia, Aruba, Azerbaijan, Bangladesh, Cameroon, China, Colombia, Comoros, Congo, Cote d'Ivoire, Croatia, Cuba, Dem. Rep. of the Congo, Egypt, Eritrea, Ethiopia, Georgia, Ghana, Guinea, India, Iraq, Iran, Jordan, Kazakhstan, Kenya, Kuwait, Lebanon, Liberia, Libya, Mali, Mauritania, Morocco, Myanmar, Nepal, Nigeria, Pakistan, Rep. of Moldova, Romania, Russian Federation, Senegal, Serbia, Sierra Leone, Somalia, Sri Lanka, State of Palestine, Stateless, Sudan, Syrian Arab Rep., Togo, Tunisia, Turkey, Uganda, Ukraine, United States, Uzbekistan, Various, Vietnam, Western Sahara, Yemen, Zimbabwe",
Iceland,328170,79,0.001%,"Afghanistan, Albania, Armenia, China, Eritrea, India, Iraq, Iran, Kenya, Libya, Mauritania, Nepal, Rep. of Moldova, Russian Federation, Senegal, Serbia, Somalia, Sri Lanka, Sudan, Syrian Arab Rep., The former Yugoslav Rep. of Macedonia, Ukraine, Uzbekistan, Various",
India,1261420000,188395,2.229%,"Afghanistan, Angola,  Bosnia and Herzegovina,  Cameroon,  China,  Cote d'Ivoire,  Dem. Rep. of,  the Congo,  Egypt,  Eritrea,  Ethiopia,  Iraq,  Iran,  Lao People's Dem. Rep. ,  Libya,  Maldives,  Myanmar,  Pakistan,  Romania,  Rwanda,  Saudi Arabia,  Somalia,  Sri Lanka,  State of Palestine,  Sudan,  Syrian Arab Rep. ,  Togo,  Uganda,  Uzbekistan,  Yemen",
Indonesia,252164800,3206,0.038%,"Afghanistan, China, Congo, Cote d'Ivoire, Dem. Rep. of the Congo, Egypt, Eritrea, Ethiopia, Iraq, Iran, Jordan, Kuwait, Mongolia, Myanmar, Pakistan, Philippines, Somalia, Sri Lanka, State of Palestine, Sudan, Syrian Arab Rep., Thailand, Ukraine, Yemen",
Iran,77838800,857354,10.143%,"Afghanistan, Ethiopia, Iraq, Kuwait, Pakistan, Tajikistan, Uzbekistan",
Iraq,36004552,246298,2.914%,"Afghanistan, Egypt, Ethiopia, Iran, Lebanon, Libya, Morocco, Somalia, State of Palestine, Syrian Arab Rep., Turkey",
Ireland,4609600,6001,0.071%,"Afghanistan, Albania, Algeria, Angola, Armenia, Azerbaijan, Bangladesh, Belarus, Belgium, Benin, Bhutan, Bosnia and Herzegovina, Brazil, Bulgaria, Burkina Faso, Burundi, Cambodia, Cameroon, Central African Rep. , Chad, China, Colombia, Congo, Cote d'Ivoire, Croatia, Cuba, Czech Rep. , Dem. People's Rep. of Korea, Dem. Rep. of the Congo, Ecuador, Egypt, Eritrea, Estonia, Ethiopia, Gambia, Georgia, Ghana, Guatemala, Guinea, Guinea-Bissau, Hungary, India, Indonesia, Iraq, Iran, Israel, Jamaica, Jordan, Kazakhstan, Kenya, Kuwait, Kyrgyzstan, Latvia, Lebanon, Lesotho, Liberia, Libya, Lithuania, Malawi, Malaysia, Mali, Mauritania, Mauritius, Mongolia, Montenegro, Morocco, Mozambique, Myanmar, Namibia, Nepal, Nicaragua, Niger, Nigeria, Pakistan, Panama, Peru, Philippines, Poland, Rep. of Moldova, Romania, Russian Federation, Rwanda, Saudi Arabia, Senegal, Serbia, Sierra Leone, Slovakia, Somalia, South Africa, Sri Lanka, State of Palestine, Stateless, Sudan, Swaziland, Syrian Arab Rep. , Tajikistan, Thailand, The former Yugoslav Rep. of Macedonia, Togo, Tunisia, Turkey, Turkmenistan, Uganda, Ukraine, United Kingdom, United Rep. of Tanzania, Uzbekistan, Venezuela, Vietnam, Yemen, Zambia, Zimbabwe",
Israel,8238300,48325,0.572%,"Armenia, Burundi, Chad, Colombia, Cote d'Ivoire, Dem. People's Rep. of Korea, Dem. Rep. of the Congo, Eritrea, Ethiopia, Iran, Lebanon, Liberia, Libya, Mauritania, Myanmar, Nepal, Sierra Leone, Somalia, South Sudan, Sudan, Turkey, Zimbabwe",
Italy,60780377,76264,0.902%,"Afghanistan, Albania, Algeria, Angola, Armenia, Azerbaijan, Bahrain, Bangladesh, Belarus, Benin, Bhutan, Bolivia, Bosnia and Herzegovina, Brazil, Burkina Faso, Burundi, Cabo Verde, Cambodia, Cameroon, Canada, Central African Rep., Chad, Chile, China, Colombia, Congo, Cote d'Ivoire, Croatia, Cuba, Dem. Rep. of the Congo, Djibouti, Dominican Rep. , Ecuador, Egypt, El Salvador, Equatorial Guinea, Eritrea, Ethiopia, Gabon, Gambia, Georgia, Ghana, Guatemala, Guinea, Guinea-Bissau, Haiti, Honduras, India, Iraq, Iran, Israel, Jamaica, Jordan, Kazakhstan, Kenya, Kuwait, Kyrgyzstan, Lebanon, Lesotho, Liberia, Libya, Madagascar, Malawi, Mali, Mauritania, Mauritius, Mexico, Mongolia, Montenegro, Morocco, Mozambique, Myanmar, Namibia, Nepal, Nicaragua, Niger, Nigeria, Pakistan, Paraguay, Peru, Philippines, Rep. of Moldova, Romania, Russian Federation, Rwanda, Saudi Arabia, Senegal, Serbia, Sierra Leone, Somalia, South Africa, South Sudan, Sri Lanka, State of Palestine, Stateless, Sudan, Swaziland, Syrian Arab Rep., Tajikistan, The former Yugoslav Rep. of Macedonia, Timor-Leste, Togo, Tunisia, Turkey, Turkmenistan, Uganda, Ukraine, United Rep. of Tanzania, United States, Uruguay, Uzbekistan, Various, Venezuela, Vietnam, Yemen, Zimbabwe",
Jamaica,2717991,21,0.000%,"Haiti, Sierra Leone, Syrian Arab Rep.",
Japan,127090000,2584,0.031%,"Afghanistan, Bangladesh, Burundi, Cambodia, China, Dem. Rep. of the Congo, Ethiopia, Iraq, Iran, Myanmar, Pakistan, Somalia, Sri Lanka, Stateless, Sudan, Syrian Arab Rep., Turkey, Various, Vietnam",
Jordan,6646840,641915,7.594%,"Afghanistan, Algeria, Bosnia and Herzegovina, Chad, Djibouti, Egypt, Eritrea, Ethiopia, Indonesia, Iraq, Iran, Kuwait, Lebanon, Morocco, Oman, Philippines, Russian Federation, Somalia, Sri Lanka, Stateless, Sudan, Syrian Arab Rep., Tunisia, Turkey, Uganda, Yemen",
Kazakhstan,17330000,584,0.007%,"Afghanistan, China, Egypt, Ethiopia, Iraq, Somalia, State of Palestine, Syrian Arab Rep., Uzbekistan",
Kenya,41800000,534938,6.329%,"Afghanistan, Burundi, Cameroon, Central African Rep., Congo, Cote d'Ivoire, Dem. Rep. of the Congo, Djibouti, Egypt, Eritrea, Ethiopia, Ghana, Iraq, Iran, Liberia, Mozambique, Nigeria, Pakistan, Rwanda, Somalia, South Africa, South Sudan, Sri Lanka, State of Palestine, Sudan, Uganda, United Rep. of Tanzania, Zimbabwe",
Kuwait,3065850,635,0.008%,"Egypt, Eritrea, Iraq, Iran, Jordan, Lebanon, Morocco, Somalia, Sri Lanka, State of Palestine, Syrian Arab Rep., Various",
Kyrgyzstan,5776570,466,0.006%,"Afghanistan, Dem. People's Rep. of Korea, Iran, Syrian Arab Rep., Uzbekistan",
Latvia,1991800,160,0.002%,"Afghanistan, Azerbaijan, Belarus, Colombia, Cote d'Ivoire, Cuba, Dem. Rep. of the Congo, Egypt, Ghana, Iraq, Iran, Kenya, Kyrgyzstan, Nigeria, Pakistan, Russian Federation, Somalia, Sri Lanka, State of Palestine, Sudan, Syrian Arab Rep., Turkey, Ukraine, Uzbekistan",
Lebanon,4104000,856546,10.134%,"Afghanistan, Algeria, Armenia, Bahrain, Bangladesh, Canada, Dem. Rep. of the Congo, Egypt, Eritrea, Ethiopia, Ghana, Iraq, Iran, Jordan, Libya, Madagascar, Mali, Morocco, Nigeria, Oman, Philippines, Romania, Russian Federation, Saudi Arabia, Somalia, Sri Lanka, State of Palestine, Stateless, Sudan, Sweden, Syrian Arab Rep., Tunisia, Turkey, Ukraine, United States, Uzbekistan, Yemen",
Lesotho,2098000,30,0.000%,"Algeria, Dem. Rep. of the Congo, Eritrea, Ethiopia, Rwanda, Tunisia, Uganda, Zimbabwe",
Liberia,4397000,53253,0.630%,"Algeria, Burkina Faso, Cambodia, Cote d'Ivoire, Dem. Rep. of the Congo, Eritrea, Ethiopia, Gambia, Ghana, Guinea, Iraq, Mali, Mauritania, Nigeria, Pakistan, Rwanda, Sierra Leone, Somalia, State of Palestine, Sudan, Togo, Uganda",
Libya,6253000,25561,0.302%,"Algeria, Cameroon, Chad, Cote d'Ivoire, Dem. Rep. of the Congo, Egypt, Eritrea, Ethiopia, Iraq, Liberia, Somalia, State of Palestine, Sudan, Syrian Arab Rep., Togo",
Liechtenstein,37132,97,0.001%,"Armenia, China, Eritrea, Ethiopia, Iraq, Iran, Serbia, Somalia",
Lithuania,2927310,916,0.011%,"Afghanistan, Armenia, Azerbaijan, Belarus, Cameroon, Cote d'Ivoire, Cuba, Dem. Rep. of the Congo, Eritrea, Ethiopia, Georgia, Iraq, Iran, Israel, Nigeria, Pakistan, Russian Federation, Somalia, Sri Lanka, Stateless, Syrian Arab Rep., Tajikistan, Togo, Ukraine, Uzbekistan, Vietnam, Yemen, Zimbabwe",
Luxembourg,549700,2873,0.034%,"Afghanistan, Albania, Angola, Armenia, Azerbaijan, Belarus, Bhutan, Bosnia and Herzegovina, Burundi, Cameroon, Chad, China, Comoros, Congo, Cote d'Ivoire, Croatia, Dem. People's Rep. of Korea, Dem. Rep. of the Congo, Eritrea, Ethiopia, Gambia, Georgia, Ghana, Greece, Guinea, Iraq, Iran, Israel, Lebanon, Liberia, Libya, Mexico, Mongolia, Montenegro, Nepal, Nigeria, Pakistan, Rep. of Moldova, Russian Federation, Rwanda, Serbia, Sierra Leone, Somalia, Stateless, Syrian Arab Rep., The former Yugoslav Rep. of Macedonia, Togo, Tunisia, Turkey, Various",
"Macedonia, the former Yugoslav Republic of",2065769,982,0.012%,"Afghanistan, Bosnia and Herzegovina, Serbia, State of Palestine",
Madagascar,21263403,12,0.000%,"Dem. Rep. of the Congo, Ethiopia, Pakistan, Rwanda, State of Palestine, United Rep. of Tanzania",
Malawi,15805239,5796,0.069%,"Burundi, Dem. Rep. of the Congo, Ethiopia, Rwanda, Somalia, South Africa, Sudan, Zimbabwe",
Malaysia,30378300,97513,1.154%,"Afghanistan, Bangladesh, Bhutan, Cambodia, Cameroon, Chad, China, Congo, Cote d'Ivoire, Dem. Rep. of the Congo, Egypt, Eritrea, Ethiopia, Fiji, Guinea, Indonesia, Iraq, Iran, Jordan, Kenya, Kuwait, Lao People's Dem. Rep., Lebanon, Liberia, Mali, Myanmar, Nepal, Nigeria, Pakistan, Philippines, Russian Federation, Rwanda, Sierra Leone, Somalia, Sri Lanka, State of Palestine, Sudan, Syrian Arab Rep., Thailand, Tibetans, United Arab Emirates, Vietnam, Western Sahara, Yemen, Zimbabwe",
Mali,15768000,14316,0.169%,"Burundi, Central African Rep., Congo, Cote d'Ivoire, Dem. Rep. of the Congo, Guinea, Liberia, Mauritania, Rwanda, Togo, Tunisia",
Malta,416055,9906,0.117%,"Bangladesh, Cameroon, Chad, China, Cote d'Ivoire, Dem. Rep. of the Congo, Egypt, Eritrea, Ethiopia, Georgia, Ghana, India, Iraq, Iran, Kazakhstan, Liberia, Libya, Mali, Morocco, Myanmar, Nepal, Nigeria, Pakistan, Saudi Arabia, Serbia, Somalia, Sri Lanka, State of Palestine, Sudan, Syrian Arab Rep., Togo, Tunisia, Turkey, Turkmenistan, Various",
Mauritania,3545620,92767,1.098%,"Cameroon, Central African Rep., Chad, Congo, Cote d'Ivoire, Dem. Rep. of the Congo, Guinea, Iraq, Liberia, Mali, Senegal, Somalia, State of Palestine, Sudan, Syrian Arab Rep., Togo, Tunisia, Western Sahara",
Mexico,119713203,1831,0.022%,"Afghanistan, Albania, Algeria, Angola, Bangladesh, Belize, Bolivia, Brazil, Burundi, Cameroon, Chile, China, Colombia, Congo, Cote d'Ivoire, Cuba, Dem. Rep. of the Congo, Dominican Rep., Ecuador, Egypt, El Salvador, Eritrea, Ethiopia, Ghana, Guatemala, Guinea, Haiti, Honduras, India, Indonesia, Iraq, Iran, Jamaica, Jordan, Lebanon, Libya, Morocco, Nicaragua, Nigeria, Pakistan, Peru, Romania, Russian Federation, Rwanda, Serbia, Sierra Leone, South Africa, Sri Lanka, State of Palestine, Syrian Arab Rep., The former Yugoslav Rep. of Macedonia, Venezuela",
"Moldova, Republic of",3557600,250,0.003%,"Afghanistan, Angola, Armenia, Azerbaijan, Dem. Rep. of the Congo, Egypt, Georgia, India, Iraq, Iran, Kazakhstan, Kyrgyzstan, Liberia, Nepal, Nigeria, Pakistan, Russian Federation, Somalia, State of Palestine, Sudan, Syrian Arab Rep., Tajikistan, Turkey, Turkmenistan, United Rep. of Tanzania, Uzbekistan, Yemen, Zimbabwe",
Monaco,36950,34,0.000%,Various,
Mongolia,2978997,9,0.000%,"Afghanistan, China",
Montenegro,620029,8476,0.100%,"Belarus, Bosnia and Herzegovina, Croatia, Iraq, Morocco, Serbia, Yemen",
Morocco,33414900,1470,0.017%,"Afghanistan, Algeria, Cameroon, Central African Rep., Chad, China, Congo, Cote d'Ivoire, Dem. Rep. of the Congo, Eritrea, Gambia, Ghana, Guinea, Iraq, Iran, Liberia, Niger, Nigeria, Pakistan, Rwanda, Senegal, Sierra Leone, Somalia, Sri Lanka, State of Palestine, Sudan, Syrian Arab Rep., Togo, Tunisia, Uganda",
Mozambique,25041922,4445,0.053%,"Afghanistan, Angola, Burundi, Congo, Cuba, Dem. Rep. of the Congo, Ethiopia, Liberia, Madagascar, Rwanda, Sierra Leone, Somalia, Sudan, Uganda",
Namibia,2113077,48637,0.575%,"Angola, Burundi, Cameroon, Central African Rep., Congo, Dem. Rep. of the Congo, Eritrea, Ethiopia, Mali, Rwanda, Somalia, South Sudan, Sudan, Uganda, Zimbabwe",
Nepal,26494504,46305,0.548%,"Afghanistan, Bangladesh, Bhutan, Dem. Rep. of the Congo, Egypt, Iraq, Iran, Myanmar, Pakistan, Somalia, Sri Lanka, Tibetans",
Netherlands,16873600,74707,0.884%,"Afghanistan, Albania, Algeria, Andorra, Angola, Armenia, Azerbaijan, Bangladesh, Belarus, Belgium, Benin, Bhutan, Bosnia and Herzegovina, Botswana, Brazil, Bulgaria, Burkina Faso, Burundi, Cambodia, Cameroon, Central African Rep., Chad, Chile, China, Colombia, Congo, Cote d'Ivoire, Croatia, Cuba, Dem. People's Rep. of Korea, Dem. Rep. of the Congo, Djibouti, Ecuador, Egypt, El Salvador, Eritrea, Ethiopia, France, Gabon, Gambia, Georgia, Germany, Ghana, Greece, Guinea, Guinea-Bissau, Haiti, Honduras, India, Indonesia, Iraq, Iran, Israel, Jamaica, Japan, Jordan, Kazakhstan, Kenya, Kuwait, Kyrgyzstan, Lao People's Dem. Rep., Latvia, Lebanon, Liberia, Libya, Malawi, Malaysia, Mali, Mauritania, Mexico, Mongolia, Morocco, Myanmar, Namibia, Nepal, Niger, Nigeria, Norway, Pakistan, Panama, Peru, Philippines, Rep. of Korea, Rep. of Moldova, Romania, Russian Federation, Rwanda, Saudi Arabia, Senegal, Serbia, Sierra Leone, Slovakia, Somalia, South Africa, Spain, Sri Lanka, State of Palestine, Stateless, Sudan, Swaziland, Sweden, Switzerland, Syrian Arab Rep., Tajikistan, The former Yugoslav Rep. of Macedonia, Togo, Trinidad and Tobago, Tunisia, Turkey, Turkmenistan, Tuvalu, Uganda, Ukraine, United Kingdom, United Rep. of Tanzania, United States, Uzbekistan, Various, Vietnam, Yemen, Zambia, Zimbabwe",
New Zealand,4536140,1403,0.017%,"Afghanistan, Albania, Algeria, Angola, Bahrain, Bangladesh, Belarus, Bhutan, Brazil, Bulgaria, Burundi, Cambodia, Cameroon, Chad, Chile, China, Colombia, Congo, Cuba, Czech Rep., Dem. Rep. of the Congo, Dominican Rep., Ecuador, Egypt, El Salvador, Eritrea, Ethiopia, Fiji, Georgia, Guinea, Hungary, India, Indonesia, Iraq, Iran, Israel, Japan, Jordan, Kenya, Kiribati, Kuwait, Kyrgyzstan, Lebanon, Libya, Madagascar, Malaysia, Maldives, Mexico, Mongolia, Myanmar, Nepal, Nigeria, Pakistan, Papua New Guinea, Rep. of Korea, Russian Federation, Rwanda, Saudi Arabia, Serbia, Slovakia, Solomon Islands, Somalia, South Africa, Sri Lanka, State of Palestine, Stateless, Sudan, Syrian Arab Rep., Thailand, Tunisia, Turkey, Uganda, Ukraine, Uzbekistan, Various, Vietnam, Yemen, Zimbabwe",
NIcaragua,6146400,189,0.002%,"Central African Rep., Colombia, Congo, Costa Rica, Cuba, El Salvador, Ghana, Guatemala, Honduras, India, Nigeria, Peru, Somalia",
Niger,17138707,57661,0.682%,"Cameroon, Central African Rep., Chad, Congo, Cote d'Ivoire, Dem. Rep. of the Congo, Iraq, Iran, Liberia, Libya, Mali, Nigeria, Rwanda, Somalia, Sudan, Syrian Arab Rep., Togo",
Nigeria,178517000,1694,0.020%,"Afghanistan, Angola, Burundi, Cameroon, Central African Rep., Chad, Congo, Cote d'Ivoire, Dem. Rep. of the Congo, Egypt, Equatorial Guinea, Eritrea, Ethiopia, Ghana, Guinea, Guinea-Bissau, Iraq, Liberia, Libya, Mali, Niger, Rwanda, Sierra Leone, Somalia, Sri Lanka, State of Palestine, Sudan, Syrian Arab Rep., Togo, Uganda",
Norway,5137679,46106,0.545%,"Afghanistan, Albania, Algeria, Angola, Armenia, Azerbaijan, Bangladesh, Belarus, Belgium, Benin, Bhutan, Bosnia and Herzegovina, Brunei Darussalam, Bulgaria, Burkina Faso, Burundi, Cabo Verde, Cambodia, Cameroon, Central African Rep., Chad, Chile, China, Colombia, Congo, Cote d'Ivoire, Croatia, Cuba, Dem. People's Rep. of Korea, Dem. Rep. of the Congo, Djibouti, Ecuador, Egypt, El Salvador, Equatorial Guinea, Eritrea, Estonia, Ethiopia, Fiji, Gambia, Georgia, Germany, Ghana, Guatemala, Guinea, Guinea-Bissau, Haiti, Hungary, India, Indonesia, Iraq, Iran, Israel, Jordan, Kazakhstan, Kenya, Kuwait, Kyrgyzstan, Lao People's Dem. Rep., Lebanon, Liberia, Libya, Lithuania, Macao SAR, China, Malawi, Malaysia, Mali, Mauritania, Mongolia, Montenegro, Morocco, Mozambique, Myanmar, Namibia, Nepal, Netherlands, Niger, Nigeria, Pakistan, Peru, Philippines, Poland, Rep. of Korea, Rep. of Moldova, Romania, Russian Federation, Rwanda, Saudi Arabia, Senegal, Serbia, Sierra Leone, Singapore, Slovakia, Somalia, South Sudan, Sri Lanka, State of Palestine, Stateless, Sudan, Syrian Arab Rep., Tajikistan, Thailand, The former Yugoslav Rep. of Macedonia, Togo, Tunisia, Turkey, Turkmenistan, Uganda, Ukraine, United Arab Emirates, United Rep. of Tanzania, United States, Uzbekistan, Various, Vietnam, Western Sahara, Yemen, Zambia, Zimbabwe",
Oman,4071147,138,0.002%,"Iraq, Syrian Arab Rep.",
Pakistan,188020000,1616507,19.125%,"Afghanistan, Algeria, Ethiopia, Ghana, Iraq, Iran, Myanmar, Russian Federation, Rwanda, Somalia, State of Palestine, Sudan, Syrian Arab Rep., Turkey, Uganda, Uzbekistan",
Palau,20901,1,0.000%,"Ethiopia, Ghana",
Panama,3713312,17665,0.209%,"Afghanistan, Argentina, Belarus, Bosnia and Herzegovina, Burkina Faso, Cameroon, Chad, Colombia, Congo, Croatia, Cuba, Dem. Rep. of the Congo, Dominican Rep., El Salvador, Ethiopia, Ghana, Guatemala, Haiti, Honduras, Iran, Liberia, Lithuania, Mexico, Nicaragua, Nigeria, Peru, Romania, Russian Federation, Rwanda, Sierra Leone, Somalia, Sudan, The former Yugoslav Rep. of Macedonia, Ukraine, United States, Venezuela, Zimbabwe",
Papua New Guinea,7398500,9378,0.111%,"Afghanistan, Ecuador, Ethiopia, Indonesia, Morocco, Somalia, Sri Lanka, Uganda",
Paraguay,6893727,136,0.002%,"Bolivia, Colombia, Congo, Cuba, Germany, Iraq, Iran, Russian Federation, Sierra Leone, Vietnam",
Peru,30814175,1162,0.014%,"Armenia, Bangladesh, Belarus, Bolivia, Bosnia and Herzegovina, Bulgaria, Cameroon, China, Colombia, Congo, Cuba, Czech Rep., Dem. Rep. of the Congo, Dominican Rep., Ecuador, El Salvador, Gambia, Georgia, Ghana, Guatemala, Haiti, Hungary, India, Iraq, Iran, Jordan, Kyrgyzstan, Lebanon, Namibia, Niger, Nigeria, Pakistan, Poland, Romania, Russian Federation, Serbia, Sierra Leone, Somalia, South Africa, State of Palestine, Stateless, Syrian Arab Rep., Uganda, Ukraine, United Rep. of Tanzania, Venezuela, Vietnam",
Philippines,100440100,182,0.002%,"Afghanistan, Cambodia, Cote d'Ivoire, Dem. Rep. of the Congo, Eritrea, Ethiopia, Iraq, Iran, Lebanon, Liberia, Myanmar, Pakistan, Rwanda, Somalia, Sri Lanka, State of Palestine, Stateless, Sudan, Syrian Arab Rep., Thailand, Vietnam",
Poland,38496000,16438,0.194%,"Afghanistan, Algeria, Angola, Armenia, Azerbaijan, Bangladesh, Belarus, Bhutan, Bosnia and Herzegovina, Bulgaria, Cameroon, China, Congo, Cote d'Ivoire, Cuba, Dem. People's Rep. of Korea, Dem. Rep. of the Congo, Djibouti, Egypt, Eritrea, Ethiopia, Georgia, Guinea-Bissau, India, Iraq, Iran, Jordan, Kazakhstan, Kenya, Kyrgyzstan, Lao People's Dem. Rep., Lebanon, Liberia, Libya, Mongolia, Morocco, Myanmar, Nepal, Nigeria, Pakistan, Philippines, Rep. of Moldova, Romania, Russian Federation, Rwanda, Senegal, Serbia, Sierra Leone, Somalia, Sri Lanka, State of Palestine, Stateless, Sudan, Syrian Arab Rep., The former Yugoslav Rep. of Macedonia, Togo, Tunisia, Turkey, Turkmenistan, Uganda, Ukraine, United States, Uzbekistan, Various, Vietnam, Zimbabwe",
Portugal,10477800,598,0.007%,"Afghanistan, Albania, Angola, Bangladesh, Belarus, Bosnia and Herzegovina, Cameroon, Central African Rep., Colombia, Comoros, Congo, Cote d'Ivoire, Cuba, Dem. Rep. of the Congo, Eritrea, Ethiopia, Gambia, Georgia, Ghana, Guinea, Guinea-Bissau, India, Indonesia, Iraq, Iran, Kenya, Liberia, Libya, Mali, Mauritania, Myanmar, Nepal, Nigeria, Pakistan, Peru, Russian Federation, Rwanda, Sao Tome and Principe, Saudi Arabia, Senegal, Serbia, Sierra Leone, Somalia, Sri Lanka, State of Palestine, Sudan, Syrian Arab Rep., The former Yugoslav Rep. of Macedonia, Togo, Turkey, Uganda, Uzbekistan, Various, Yemen, Zimbabwe",
Qatar,2187326,130,0.002%,"Iraq, Somalia, Syrian Arab Rep.",
Romania,19942642,1770,0.021%,"Afghanistan, Algeria, Angola, Armenia, Bangladesh, Belarus, Bosnia and Herzegovina, Burundi, Cameroon, Central African Rep., China, Colombia, Congo, Cote d'Ivoire, Cuba, Dem. Rep. of the Congo, Djibouti, Ecuador, Egypt, Eritrea, Ethiopia, Gambia, Georgia, Guinea, India, Iraq, Iran, Israel, Jordan, Kenya, Lebanon, Liberia, Libya, Mauritania, Morocco, Myanmar, Nigeria, Pakistan, Rep. of Moldova, Russian Federation, Rwanda, Senegal, Serbia, Sierra Leone, Somalia, South Africa, Sri Lanka, State of Palestine, Stateless, Sudan, Syrian Arab Rep., Tunisia, Turkey, Uzbekistan, Yemen",
Russian Federation,146149200,3458,0.041%,"Afghanistan, Angola, Azerbaijan, Bangladesh, Belarus, China, Congo, Cuba, Dem. People's Rep. of Korea, Dem. Rep. of the Congo, Egypt, Eritrea, Estonia, Ethiopia, Georgia, Guinea, India, Iraq, Iran, Kazakhstan, Kuwait, Kyrgyzstan, Latvia, Lebanon, Liberia, Mozambique, Pakistan, Portugal, Rep. of Moldova, Rwanda, Serbia, Somalia, Sri Lanka, State of Palestine, Sudan, Syrian Arab Rep., Tajikistan, Turkmenistan, Uganda, Ukraine, United Rep. of Tanzania, United States, Uzbekistan, Various",
Rwanda,10996891,73349,0.868%,"Angola, Burundi, Chad, Dem. Rep. of the Congo, Eritrea, Ethiopia, Somalia, Uganda",
Saint Lucia,184000,5,0.000%,"Sri Lanka, Syrian Arab Rep.",
Saudi Arabia,30770375,559,0.007%,"Chad, China, Eritrea, Ethiopia, Iraq, Liberia, Myanmar, Russian Federation, Somalia, State of Palestine, Sudan, Syrian Arab Rep., Tunisia, Uzbekistan",
Senegal,13508715,14247,0.169%,"Algeria, Angola, Burundi, Cameroon, Chad, Congo, Cote d'Ivoire, Dem. Rep. of the Congo, Ethiopia, Gambia, Ghana, Guinea, Liberia, Mauritania, Nigeria, Rwanda, Somalia, Togo",
Serbia,7146759,57083,0.675%,"Bosnia and Herzegovina, Cameroon, Congo, Croatia, Cuba, Iraq, Libya, Somalia, Syrian Arab Rep., Turkey",
Sierra Leone,6205000,2817,0.033%,"Chad, Cote d'Ivoire, Liberia, Sudan",
Singapore,5469700,3,0.000%,"China, Myanmar",
Sint Maarten (Dutch part),37429,3,0.000%,Iran,
Slovakia,5415949,701,0.008%,"Afghanistan, Algeria, Angola, Armenia, Bangladesh, Belarus, Benin, Bosnia and Herzegovina, Burundi, Cameroon, China, Congo, Cote d'Ivoire, Cuba, Dem. Rep. of the Congo, Egypt, Eritrea, Iraq, Iran, Jordan, Kuwait, Libya, Mali, Nigeria, Pakistan, Russian Federation, Senegal, Serbia, Somalia, State of Palestine, Stateless, Sudan, Syrian Arab Rep., Turkey, Ukraine, Various, Vietnam, Yemen",
Slovenia,2064394,213,0.003%,"Afghanistan, Albania, Bosnia and Herzegovina, Cameroon, Dem. Rep. of the Congo, Eritrea, India, Iraq, Iran, Kazakhstan, Morocco, Nigeria, Pakistan, Russian Federation, Serbia, Sierra Leone, Somalia, Sri Lanka, State of Palestine, Sudan, Syrian Arab Rep., Turkey, Ukraine, Uzbekistan, Yemen, Zimbabwe",
Somalia,10806000,2425,0.029%,"Bangladesh, Dem. Rep. of the Congo, Eritrea, Ethiopia, Sudan, Uganda, United Rep. of Tanzania, Various, Yemen",
South Africa,54002000,65881,0.779%,"Afghanistan, Angola, Bahamas, Bangladesh, Bosnia and Herzegovina, Burundi, Cameroon, Central African Rep., Congo, Cote d'Ivoire, Dem. Rep. of the Congo, Egypt, Eritrea, Estonia, Ethiopia, Ghana, India, Iraq, Kenya, Kyrgyzstan, Lesotho, Liberia, Malawi, Mali, Morocco, Myanmar, Nigeria, Pakistan, Poland, Rwanda, Saint Kitts and Nevis, Senegal, Serbia, Sierra Leone, Solomon Islands, Somalia, Sri Lanka, State of Palestine, Sudan, Swaziland, Syrian Arab Rep., Uganda, United Rep. of Tanzania, Various, Yemen, Zambia, Zimbabwe",
South Korea,50423955,547,0.006%,"Afghanistan, Algeria, Angola, Bangladesh, Cameroon, China, Congo, Cote d'Ivoire, Dem. Rep. of the Congo, Egypt, Eritrea, Ethiopia, Ghana, Iraq, Iran, Kenya, Kyrgyzstan, Liberia, Mali, Myanmar, Nepal, Niger, Nigeria, Pakistan, Russian Federation, Rwanda, Somalia, Sri Lanka, State of Palestine, Sudan, Uganda, Uzbekistan",
South Sudan,11384393,229587,2.716%,"Central African Rep., Dem. Rep. of the Congo, Ethiopia, Sudan",
Spain,46507800,4637,0.055%,"Afghanistan, Albania, Algeria, Angola, Armenia, Azerbaijan, Bangladesh, Belarus, Bhutan, Bolivia, Bosnia and Herzegovina, Bulgaria, Burkina Faso, Burundi, Cameroon, Central African Rep., China, Colombia, Congo, Cote d'Ivoire, Cuba, Dem. People's Rep. of Korea, Dem. Rep. of the Congo, Ecuador, Egypt, El Salvador, Equatorial Guinea, Eritrea, Ethiopia, Gabon, Gambia, Georgia, Ghana, Guatemala, Guinea, Haiti, Honduras, India, Iraq, Iran, Israel, Jordan, Kazakhstan, Kyrgyzstan, Lebanon, Liberia, Libya, Mali, Mauritania, Mauritius, Mexico, Morocco, Mozambique, Myanmar, Nepal, Nicaragua, Nigeria, Pakistan, Peru, Rep. of Moldova, Romania, Russian Federation, Rwanda, Senegal, Serbia, Sierra Leone, Somalia, Sri Lanka, State of Palestine, Stateless, Sudan, Syrian Arab Rep., Togo, Tunisia, Turkey, Ukraine, Uzbekistan, Various, Venezuela, Vietnam, Western Sahara, Yemen, Zimbabwe",
Sri Lanka,20277597,145,0.002%,"Afghanistan, Maldives, Pakistan, Syrian Arab Rep.",
Sudan,37289406,159857,1.891%,"Algeria, Burundi, Central African Rep., Chad, Congo, Dem. Rep. of the Congo, Egypt, Eritrea, Ethiopia, Gambia, Guinea, Iraq, Kenya, Libya, Somalia, State of Palestine, Syrian Arab Rep., Tunisia, Uganda, United Rep. of Tanzania, Various, Yemen, Zimbabwe",
Swaziland,1106189,507,0.006%,"Angola, Bulgaria, Burundi, Cameroon, Cote d'Ivoire, Dem. Rep. of the Congo, Ethiopia, Guinea, Kenya, Liberia, Rwanda, Somalia, South Africa, Sri Lanka, Uganda, United Rep. of Tanzania, Zimbabwe",
Sweden,9716962,114175,1.351%,"Afghanistan, Albania, Algeria, Angola, Argentina, Armenia, Australia, Azerbaijan, Bahrain, Bangladesh, Belarus, Belgium, Benin, Bhutan, Bolivia, Bosnia and Herzegovina, Brazil, Bulgaria, Burkina Faso, Burundi, Cambodia, Cameroon, Central African Rep., Chad, Chile, China, Colombia, Comoros, Congo, Cote d'Ivoire, Croatia, Cuba, Czech Rep., Dem. People's Rep. of Korea, Dem. Rep. of the Congo, Denmark, Djibouti, Dominican Rep., Ecuador, Egypt, El Salvador, Equatorial Guinea, Eritrea, Estonia, Ethiopia, France, Gambia, Georgia, Germany, Ghana, Greece, Guatemala, Guinea, Guinea-Bissau, Haiti, Honduras, Hungary, India, Indonesia, Iraq, Iran, Israel, Italy, Jordan, Kazakhstan, Kenya, Kiribati, Kuwait, Kyrgyzstan, Lao People's Dem. Rep., Latvia, Lebanon, Liberia, Libya, Lithuania, Malaysia, Mali, Mauritania, Mongolia, Montenegro, Morocco, Myanmar, Namibia, Nepal, Netherlands, Nicaragua, Niger, Nigeria, Norway, Pakistan, Peru, Philippines, Poland, Rep. of Korea, Rep. of Moldova, Romania, Russian Federation, Rwanda, Saudi Arabia, Senegal, Serbia, Sierra Leone, Singapore, Slovakia, Slovenia, Somalia, South Africa, South Sudan, Spain, Sri Lanka, Stateless, Sudan, Swaziland, Syrian Arab Rep., Tajikistan, Thailand, The former Yugoslav Rep. of Macedonia, Togo, Tunisia, Turkey, Turkmenistan, Uganda, Ukraine, United Kingdom, United Rep. of Tanzania, United States, Uruguay, Uzbekistan, Various, Venezuela, Vietnam, Yemen, Zambia, Zimbabwe",
Switzerland,8183800,52464,0.621%,"Afghanistan, Albania, Algeria, Angola, Argentina, Armenia, Austria, Azerbaijan, Bahrain, Bangladesh, Belarus, Benin, Bhutan, Bolivia, Bosnia and Herzegovina, Brazil, Bulgaria, Burkina Faso, Burundi, Cabo Verde, Cambodia, Cameroon, Canada, Central African Rep., Chad, Chile, China, Colombia, Congo, Cote d'Ivoire, Croatia, Cuba, Czech Rep., Dem. People's Rep. of Korea, Dem. Rep. of the Congo, Djibouti, Dominican Rep., Ecuador, Egypt, Equatorial Guinea, Eritrea, Ethiopia, France, Gabon, Gambia, Georgia, Germany, Ghana, Greece, Guinea, Guinea-Bissau, Haiti, Hungary, India, Iraq, Iran, Israel, Italy, Jordan, Kazakhstan, Kenya, Kuwait, Kyrgyzstan, Lao People's Dem. Rep., Latvia, Lebanon, Liberia, Libya, Madagascar, Malaysia, Mali, Mauritania, Mexico, Mongolia, Montenegro, Morocco, Myanmar, Nepal, Niger, Nigeria, Pakistan, Paraguay, Peru, Philippines, Poland, Portugal, Rep. of Moldova, Romania, Russian Federation, Rwanda, Saudi Arabia, Senegal, Serbia, Sierra Leone, Slovakia, Somalia, South Africa, Spain, Sri Lanka, State of Palestine, Stateless, Sudan, Syrian Arab Rep., Tajikistan, The former Yugoslav Rep. of Macedonia, Togo, Tunisia, Turkey, Turkmenistan, Uganda, Ukraine, United Rep. of Tanzania, United States, Uzbekistan, Various, Venezuela, Vietnam, Western Sahara, Yemen, Zimbabwe",
Syrian Arab Republic,21987000,149292,1.766%,"Afghanistan, Algeria, Bahrain, Bulgaria, Burkina Faso, Burundi, Chad, Congo, Cote d'Ivoire, Dem. Rep. of the Congo, Egypt, Eritrea, Ethiopia, Guinea, India, Iraq, Iran, Jordan, Kenya, Kuwait, Lebanon, Libya, Mali, Mauritania, Morocco, Netherlands, Pakistan, Russian Federation, Saudi Arabia, Sierra Leone, Somalia, South Sudan, State of Palestine, Stateless, Sudan, Tunisia, Turkey, Uzbekistan, Yemen",
Tajikistan,8161000,2048,0.024%,"Afghanistan, Iraq, Kyrgyzstan, Pakistan, Uzbekistan",
Tanzania,47421786,102099,1.208%,"Burundi, Dem. Rep. of the Congo, Somalia, Uganda, Various",
Thailand,64871000,136499,1.615%,"Afghanistan, Cambodia, China, Cote d'Ivoire, Dem. Rep. of the Congo, Egypt, Eritrea, Ethiopia, Guinea, Iraq, Iran, Jordan, Lao People's Dem. Rep., Liberia, Myanmar, Nepal, Pakistan, Rwanda, Saudi Arabia, Somalia, Sri Lanka, State of Palestine, Stateless, Sudan, Syrian Arab Rep., Togo, Turkey, Uzbekistan, Vietnam, Yemen, Zimbabwe",
Togo,6993000,20613,0.244%,"Benin, Burundi, Central African Rep., Chad, Congo, Cote d'Ivoire, Dem. Rep. of the Congo, Ghana, Iraq, Libya, Mali, Nigeria, Rwanda, Serbia, Somalia, Sri Lanka, Sudan, Syrian Arab Rep.",
Tonga,103252,3,0.000%,"Dem. Rep. of the Congo, Stateless",
Trinidad and Tobago,1328019,20,0.000%,"Bangladesh, Cameroon, Colombia, Cote d'Ivoire, Dem. Rep. of the Congo, Egypt, Gambia, Haiti, Jamaica, Kenya, Liberia, Sri Lanka, Syrian Arab Rep.",
Tunisia,10982754,730,0.009%,"Algeria, Bulgaria, Burundi, Cameroon, Central African Rep., Chad, Cote d'Ivoire, Dem. Rep. of the Congo, Egypt, Eritrea, Ethiopia, Gambia, Guinea, India, Iraq, Iran, Libya, Mali, Morocco, Oman, Pakistan, Poland, Rwanda, Senegal, Somalia, State of Palestine, Sudan, Syrian Arab Rep.",
Turkey,76667864,609938,7.216%,"Afghanistan, Algeria, Azerbaijan, Cameroon, Central African Rep., Chad, China, Congo, Cote d'Ivoire, Cuba, Dem. Rep. of the Congo, Egypt, Eritrea, Ethiopia, Guinea, Iraq, Iran, Jordan, Kazakhstan, Kenya, Kyrgyzstan, Lebanon, Liberia, Mauritania, Morocco, Nigeria, Oman, Pakistan, Philippines, Russian Federation, Rwanda, Saudi Arabia, Senegal, Sierra Leone, Somalia, Sri Lanka, State of Palestine, Stateless, Sudan, Syrian Arab Rep., Tajikistan, Togo, Tunisia, Turkmenistan, Uganda, United Arab Emirates, Uzbekistan, Yemen",
Turkmenistan,5824960,45,0.001%,"Afghanistan, Armenia, Azerbaijan, Russian Federation",
Turks and Caicos Islands,31458,4,0.000%,"Colombia, Cuba",
Uganda,36600000,220555,2.609%,"Burundi, Cameroon, Canada, Central African Rep., Chad, Comoros, Dem. Rep. of the Congo, Egypt, Eritrea, Ethiopia, Iraq, Iran, Kenya, Liberia, Libya, Malawi, Pakistan, Rwanda, Sierra Leone, Somalia, South Sudan, State of Palestine, Sudan, United Rep. of Tanzania, Yemen",
Ukraine,42981850,2968,0.035%,"Afghanistan, Algeria, Angola, Armenia, Azerbaijan, Bangladesh, Belarus, Bosnia and Herzegovina, Burkina Faso, Burundi, Cameroon, Chad, China, Congo, Cote d'Ivoire, Dem. Rep. of the Congo, Egypt, Eritrea, Ethiopia, Georgia, Guinea, Guinea-Bissau, India, Iraq, Iran, Jordan, Kazakhstan, Kyrgyzstan, Lebanon, Liberia, Libya, Madagascar, Mali, Mozambique, Nepal, Nigeria, Pakistan, Russian Federation, Rwanda, Saudi Arabia, Serbia, Sierra Leone, Somalia, Sri Lanka, State of Palestine, Stateless, Sudan, Syrian Arab Rep., Tajikistan, Togo, Tonga, Turkey, Turkmenistan, Uganda, Uzbekistan, Vietnam, Zimbabwe",
United Arab Emirates,9446000,603,0.007%,"Afghanistan, Iraq, Iran, Pakistan, Somalia, Sri Lanka, State of Palestine, Sudan, Syrian Arab Rep.",
United Kingdom,64105654,126055,1.491%,"Afghanistan, Albania, Algeria, Angola, Antigua and Barbuda, Argentina, Armenia, Australia, Azerbaijan, Bahrain, Bangladesh, Barbados, Belarus, Belize, Benin, Bhutan, Bolivia, Bosnia and Herzegovina, Botswana, Brazil, Bulgaria, Burkina Faso, Burundi, Cabo Verde, Cameroon, Canada, Central African Rep., Chad, Chile, China, Colombia, Comoros, Congo, Cook Islands, Cote d'Ivoire, Croatia, Cuba, Cyprus, Czech Rep., Dem. People's Rep. of Korea, Dem. Rep. of the Congo, Djibouti, Dominica, Ecuador, Egypt, El Salvador, Equatorial Guinea, Eritrea, Estonia, Ethiopia, Fiji, France, Gambia, Georgia, Germany, Ghana, Grenada, Guatemala, Guinea, Guinea-Bissau, Guyana, Haiti, Honduras, Hong Kong, India, Indonesia, Iraq, Ireland, Iran, Israel, Jamaica, Japan, Jordan, Kazakhstan, Kenya, Kuwait, Kyrgyzstan, Lao People's Dem. Rep., Latvia, Lebanon, Lesotho, Liberia, Libya, Lithuania, Malawi, Malaysia, Maldives, Mali, Mauritania, Mauritius, Mexico, Mongolia, Morocco, Mozambique, Myanmar, Namibia, Nepal, Nicaragua, Niger, Nigeria, Oman, Pakistan, Panama, Peru, Philippines, Poland, Portugal, Qatar, Rep. of Korea, Rep. of Moldova, Romania, Russian Federation, Rwanda, Saint Lucia, Saint Vincent and the Grenadines, Saudi Arabia, Senegal, Serbia, Seychelles, Sierra Leone, Singapore, Slovakia, Somalia, South Africa, Sri Lanka, State of Palestine, Stateless, Sudan, Swaziland, Syrian Arab Rep., Tajikistan, Thailand, The former Yugoslav Rep. of Macedonia, Togo, Trinidad and Tobago, Tunisia, Turkey, Turkmenistan, Tuvalu, Uganda, Ukraine, United Arab Emirates, United Rep. of Tanzania, United States, Uzbekistan, Various, Venezuela, Vietnam, Western Sahara, Yemen, Zambia, Zimbabwe",
United States,318964000,263662,3.119%,"Afghanistan, Albania, Algeria, Andorra, Angola, Antigua and Barbuda, Argentina, Armenia, Australia, Austria, Azerbaijan, Bahamas, Bahrain, Bangladesh, Barbados, Belarus, Belgium, Belize, Benin, Bhutan, Bolivia, Bosnia and Herzegovina, Botswana, Brazil, Bulgaria, Burkina Faso, Burundi, Cambodia, Cameroon, Canada, Cayman Islands, Central African Rep., Chad, Chile, China, Colombia, Comoros, Congo, Costa Rica, Cote d'Ivoire, Croatia, Cuba, Curacao, Cyprus, Czech Rep., Dem. People's Rep. of Korea, Dem. Rep. of the Congo, Djibouti, Dominica, Dominican Rep., Ecuador, Egypt, El Salvador, Equatorial Guinea, Eritrea, Estonia, Ethiopia, Fiji, Finland, France, Gabon, Gambia, Georgia, Germany, Ghana, Gibraltar, Greece, Grenada, Guatemala, Guinea, Guinea-Bissau, Guyana, Haiti, Honduras, Hong Kong, Hungary, Iceland, India, Indonesia, Iraq, Ireland, Iran, Israel, Italy, Jamaica, Japan, Jordan, Kazakhstan, Kenya, Kuwait, Kyrgyzstan, Lao People's Dem. Rep., Latvia, Lebanon, Lesotho, Liberia, Libya, Lithuania, Macao SAR, China, Madagascar, Malawi, Malaysia, Maldives, Mali, Malta, Marshall Islands, Mauritania, Mauritius, Mexico, Monaco, Mongolia, Montenegro, Morocco, Mozambique, Myanmar, Namibia, Nepal, Netherlands, New Zealand, Nicaragua, Niger, Nigeria, Niue, Norway, Oman, Pakistan, Panama, Papua New Guinea, Paraguay, Peru, Philippines, Poland, Portugal, Qatar, Rep. of Korea, Rep. of Moldova, Romania, Russian Federation, Rwanda, Saint Kitts and Nevis, Saint Lucia, Saint Vincent and the Grenadines, Saudi Arabia, Senegal, Serbia, Seychelles, Sierra Leone, Singapore, Slovakia, Slovenia, Somalia, South Africa, South Sudan, Spain, Sri Lanka, State of Palestine, Stateless, Sudan, Suriname, Swaziland, Sweden, Switzerland, Syrian Arab Rep., Tajikistan, Thailand, The former Yugoslav Rep. of Macedonia, Togo, Tonga, Trinidad and Tobago, Tunisia, Turkey, Turkmenistan, Turks and Caicos Islands, Uganda, Ukraine, United Arab Emirates, United Kingdom, United Rep. of Tanzania, Uruguay, Uzbekistan, Various, Venezuela, Vietnam, Yemen, Zambia, Zimbabwe",
Uruguay,3404189,203,0.002%,"Belarus, Bolivia, Cameroon, Chile, Colombia, Congo, Cote d'Ivoire, Cuba, Ecuador, Georgia, Ghana, Iraq, Kazakhstan, Latvia, Liberia, Lithuania, Nigeria, Peru, Russian Federation, Sierra Leone, Somalia, Sudan, Ukraine, Venezuela, Zimbabwe",
Uzbekistan,30492800,141,0.002%,"Afghanistan, Azerbaijan",
Vanuatu,264652,2,0.000%,"Iraq, Iran",
Venezuela,30206307,204340,2.418%,"Afghanistan, Burundi, China, Colombia, Congo, Cote d'Ivoire, Ecuador, Ethiopia, Gambia, Ghana, Guatemala, Haiti, Hungary, Iraq, Liberia, Nicaragua, Nigeria, Pakistan, Peru, Poland, Rwanda, Serbia, Sierra Leone, State of Palestine, Stateless, Togo, Turkey",
Yemen,25956000,241288,2.855%,"Algeria, Bangladesh, China, Congo, Dem. People's Rep. of Korea, Dem. Rep. of the Congo, Egypt, Eritrea, Ethiopia, Iraq, Iran, Jordan, Mali, Myanmar, Saudi Arabia, Somalia, State of Palestine, Sudan, Syrian Arab Rep., United Rep. of Tanzania, Vietnam",
Zambia,15023315,23594,0.279%,"Afghanistan, Angola, Burundi, Congo, Dem. Rep. of the Congo, Eritrea, Ethiopia, Guinea, Lebanon, Liberia, Malawi, Mali, Namibia, Rwanda, Serbia, Sierra Leone, Somalia, South Africa, State of Palestine, Sudan, Uganda, United Rep. of Tanzania, Zimbabwe",
Zimbabwe,13061239,6389,0.076%,"Angola, Burundi, Congo, Cote d'Ivoire, Dem. Rep. of the Congo, Djibouti, Egypt, Eritrea, Ethiopia, Lebanon, Malawi, Mali, Rwanda, Somalia, Sudan, Uganda, United Rep. of Tanzania",